,driver.externalId,driver.firstName,driver.lastName,driver.nonLatinFirstName,driver.nonLatinLastName,driver.dateOfBirth,driver.email,driver.license,driver.cardNumber,driver.idType,driver.idDocumentNumber,driver.idIssueDate,driver.idExpirationDate,driver.idIssuingCountry,driver.address,driver.postalCode,driver.city,driver.country,driver.contractStartDate,driver.contractApplicableLaw
0,,Scott,Smith,,,19660328,katie24@gmail.com,2767888987,9399537171418776,ID,9372346555882428,20190318,20290318,PY,Sims Neck Mall 52,28611,Stephanieberg,AT,20210806,BE
1,,Derrick,Benson,,,19630522,carneykelly@gmail.com,5573285663,7358655342778764,ID,4645919256455284,20201220,20301220,KW,Phelps Mount Burg 54,38227,Perrymouth,BY,20210601,BE
2,,Brian,Rosario,,,19620716,pettyandrew@yahoo.com,6393457879,4833977523631872,ID,9826954113398916,20170701,20270701,MT,Carol Drives Gateway 93,91259,East Jamesport,GY,20210313,BE
3,,Audrey,Briggs,,,20030203,bwilliams@hotmail.com,1834436347,5113732781988947,ID,3626622498614832,20140724,20240724,SK,Daniel Pine Key 57,12496,Richardsmouth,CI,20210618,BE
4,,Lauren,Lyons,,,19911116,marie52@hotmail.com,6598633237,6197435621842815,ID,4663357729237624,20200615,20300615,PY,Stewart Villages Inlet 93,57368,Brianton,TZ,20210325,BE
5,,Charles,Price,,,19840708,andrew88@hotmail.com,7377763538,6242328389743678,ID,6885614749399524,20140703,20240703,BW,Jose Island Ports 46,79392,West Rhonda,GN,20201129,BE
6,,Carla,Terry,,,19910804,huntcheryl@yahoo.com,8661559857,2256117911941692,ID,7332727175328823,20210201,20310201,HR,Cross Point Trail 66,53066,South Linda,KM,20210313,BE
7,,Jennifer,Dickerson,,,19590331,rhunt@hotmail.com,8546871593,9148862362889744,ID,8451852733983522,20151110,20251110,AE,James Coves Crossroad 18,35745,Lindahaven,VA,20210710,BE
8,,David,Bailey,,,19730706,johnsonmarcus@hotmail.com,4557823769,6639627129424645,ID,2839134332956879,20160302,20260302,OM,Glover Burg Mountains 28,80792,Jamesbury,NA,20210408,BE
9,,Brandon,Finley,,,20010919,vgross@gmail.com,3794263787,8187491595558533,ID,4461141886616914,20130401,20230401,MK,Alvin Flat Ramp 23,66510,Hancockbury,KZ,20210817,BE
10,,Stephen,Russell,,,19930202,sanchezcarol@hotmail.com,6387528377,2588176663885413,ID,5115925799787278,20150816,20250816,SG,Mendez Vista Estate 13,34617,Sullivanborough,RO,20210525,BE
11,,Kellie,Chaney,,,19760530,gholmes@gmail.com,8474384952,5225951999719759,ID,5431591718721745,20170508,20270508,ST,Jennifer Way Drive 91,9489,Nolanburgh,GA,20201116,BE
12,,Stephanie,Carter,,,19590506,ryan63@yahoo.com,9586317734,3399198579983674,ID,4795127652239589,20130909,20230909,KN,Heidi Stravenue Rest 53,66892,East Javierhaven,HR,20201120,BE
13,,Jennifer,Greene,,,19740415,christopher99@hotmail.com,6281774615,2493855939565592,ID,5473911751463869,20161118,20261118,KI,David Ridge Ramp 30,75234,Haleystad,BD,20210701,BE
14,,Michael,Black,,,19860603,xmartinez@hotmail.com,1166639146,4211533442338751,ID,8869248871741398,20130803,20230803,TJ,Daniels Points Street 32,12793,Keithbury,AG,20210515,BE
15,,Tiffany,Moses,,,19760102,wrightdaniel@gmail.com,5512497133,8925185385565597,ID,2275169393898719,20190623,20290623,UG,Gibson Land Keys 78,81417,Port Pamelafurt,AD,20210721,BE
16,,Madeline,Gomez,,,19950922,andersonjeremy@yahoo.com,4191733261,5485351542437565,ID,3565837281864971,20170812,20270812,MU,Jackson Light Underpass 83,556,North Levi,IQ,20210615,BE
17,,Miranda,Hunter,,,19580309,uhoffman@gmail.com,8575638613,3415524643484165,ID,9381335436323362,20130827,20230827,DM,Gonzalez Trail Crossroad 28,87687,Josephbury,PW,20210707,BE
18,,Cheyenne,Tyler,,,19871025,carrieblack@gmail.com,9628261875,9992335364816116,ID,3158899534419254,20191116,20291116,PK,Graves Extensions Estate 14,73880,Lake Williamtown,MT,20211006,BE
19,,Amanda,Estes,,,20030426,emily00@hotmail.com,9887151579,3844272227933454,ID,6856731296447859,20201217,20301217,PE,Lyons Locks Ports 54,72311,Jonesberg,SE,20210427,BE
20,,Stephen,Johnson,,,20011129,scott84@yahoo.com,8719962818,1814641244158416,ID,1154697987533295,20150511,20250511,CN,William Green Landing 76,77150,South Scotthaven,US,20210513,BE
21,,Bryan,Bentley,,,19591218,xjohnson@yahoo.com,1647672565,3484977596111447,ID,8136199321943218,20210422,20310422,ME,Williams Villages Radial 53,52835,Torresmouth,MV,20201109,BE
22,,David,Reyes,,,19710415,andrewsemily@yahoo.com,5259484534,4115225657345651,ID,8349257842614164,20201126,20301126,TM,Parker Common Junction 3,48577,Port Denisetown,JM,20210901,BE
23,,Anna,Fry,,,19590709,catherinehardin@hotmail.com,5112783496,8763859988657275,ID,7249679686167427,20170323,20270323,MC,Jones Road Flats 24,73541,West Davidtown,MV,20201123,BE
24,,Erin,Jackson,,,19690923,callahanmichael@gmail.com,2474841144,6867617229781544,ID,8554614267493687,20170310,20270310,GN,Cruz Alley Pine 7,72708,West Debraview,TR,20201203,BE
25,,Eric,Fischer,,,19950505,grantwilliams@yahoo.com,5157147393,2146985739681182,ID,5724191521173782,20181004,20281004,GB,Patricia Plains Manor 61,90379,Summersstad,HT,20210131,BE
26,,Justin,Tucker,,,19920901,larrylam@yahoo.com,3441122283,1736674765277696,ID,3684829483287924,20210330,20310330,PE,Jay Land Lodge 47,18064,Lake Deniseshire,CY,20201224,BE
27,,John,Jimenez,,,19850504,brett79@yahoo.com,8167848371,3367423618954514,ID,9421424597437784,20210928,20310928,BS,Jennifer Road Shoals 53,14864,Lucasland,FI,20210205,BE
28,,Tanya,Rivera,,,20001211,david74@yahoo.com,1134884789,8957847639664122,ID,5923732126868326,20190208,20290208,MA,Mills Drives Run 88,94404,Kevinfurt,TW,20211007,BE
29,,Andrew,Hunt,,,19870629,campbellalex@hotmail.com,3827367981,7329645459647656,ID,4595874749478267,20141201,20241201,CN,Sarah Squares Highway 90,80739,Port Jochester,QA,20211002,BE
30,,Tammy,Lee,,,19800620,nelsonlydia@yahoo.com,9277561718,9392156333333456,ID,9223392295972620,20141105,20241105,AZ,Miranda Station Forest 6,1797,Carterton,BJ,20210714,BE
31,,Jacob,Wells,,,19870616,terry09@hotmail.com,7488927437,1712196638852138,ID,4291755343823367,20130321,20230321,SE,Michael Corner Villages 33,64291,Peterfurt,CU,20210421,BE
32,,Michael,Eaton,,,19890122,wpayne@yahoo.com,9292885598,4654122278581439,ID,7685315393294115,20200821,20300821,LU,Cox Courts Springs 23,50167,Castillofort,TD,20210223,BE
33,,Diamond,Schultz,,,19670118,hardybilly@hotmail.com,3687294551,4734194633475444,ID,9784746656685648,20160909,20260909,SY,Deborah Shoal Road 90,22289,Walshfurt,KH,20201205,BE
34,,Teresa,Silva,,,19840609,nortiz@hotmail.com,5317625774,3498499995493518,ID,1923722794857758,20180513,20280513,KR,Jacob Springs Route 14,45540,Schultzberg,NR,20210824,BE
35,,Mark,Willis,,,19931230,byrdsarah@gmail.com,6564294388,9456646698517192,ID,7934475758889759,20200227,20300227,ME,Oneal Estate Ranch 4,27656,New Norma,BE,20211016,BE
36,,Aaron,Bautista,,,19950203,qthompson@hotmail.com,5175231966,2544663773934566,ID,9353544415262772,20180321,20280321,SN,Barbara Key Causeway 25,54136,East Sandra,ZW,20210324,BE
37,,Debra,Cooke,,,19970711,aschultz@hotmail.com,8417196157,5143237818667686,ID,3948679161366315,20140202,20240202,JM,Jason Loop Center 69,94639,Steventon,UA,20210529,BE
38,,Alison,Bailey,,,19711014,ubrowning@yahoo.com,8843999725,9966827281793452,ID,2422295139276364,20141016,20241016,NG,Cooke Ferry Creek 20,32837,East Robertborough,BJ,20210522,BE
39,,Deborah,Ellis,,,20020722,jeffreymarshall@hotmail.com,5324461428,8265633377543315,ID,3673464492285587,20190404,20290404,MX,Leah Burg Skyway 19,92800,Jasonchester,PW,20211102,BE
40,,Alisha,Frost,,,19700817,gwood@hotmail.com,5667955976,3965341329582597,ID,4263383347199361,20160712,20260712,SZ,Knight Village Streets 33,23900,Port Joshuaton,TH,20210307,BE
41,,Jennifer,Reid,,,19860909,tgonzalez@yahoo.com,8162759788,6389984719116765,ID,2276394779799328,20210923,20310923,AR,Smith Ports Neck 21,88344,Bonnieview,VN,20210805,BE
42,,Barbara,Lopez,,,19880222,uwilliams@yahoo.com,6945465644,7727589588681616,ID,5859784435563578,20130617,20230617,SG,Sanford Mission Plain 22,91670,Moyerhaven,LB,20210928,BE
43,,Corey,Rich,,,19900917,brentmcdonald@yahoo.com,8936563552,2332821662879118,ID,7573858127846262,20160807,20260807,BG,Parker Field Creek 5,49276,West Maryfurt,DE,20210701,BE
44,,Kent,Ramos,,,19630215,richard15@hotmail.com,3831926175,9437736948267824,ID,5144691443285756,20151217,20251217,CI,Mary Walk Pass 52,12112,New Williamborough,OM,20210719,BE
45,,Dawn,Davis,,,19590107,savannah51@gmail.com,8494456789,6332849484124935,ID,3479353373525525,20130329,20230329,GE,Rose Squares Turnpike 53,8062,Lindsayshire,BO,20210427,BE
46,,Amber,Wright,,,19601121,yheath@gmail.com,9595896473,8142891185959493,ID,7876634796855911,20200620,20300620,NE,Heidi Walks Meadows 75,50795,South Markview,IS,20211030,BE
47,,Lori,Smith,,,19630225,terry93@yahoo.com,6667335968,4431727996991962,ID,6359328349129233,20150810,20250810,KM,John Islands Wall 96,57906,Joanneberg,HT,20210703,BE
48,,Beth,Mccormick,,,19900820,olsontheresa@gmail.com,7339812638,5674259811261777,ID,7941585469795221,20200221,20300221,BF,Irwin Union Field 90,57846,North Thomas,MC,20210407,BE
49,,Austin,Bryant,,,19820412,edwardwong@gmail.com,4654298752,9195473263989698,ID,6313197875995258,20140318,20240318,KG,Austin Inlet Points 3,98102,North Rebecca,FR,20210122,BE
